n_runs,mean,std,min,q25,median,q75,max
82,0.1835616468397008,0.12725990401771922,0.0,0.08585810163457185,0.1802064698843239,0.29539935642549703,0.4738675958188153
