margin_bucket,error_low_I,error_high_I
low,0.001707455890722823,0.03167420814479638
mid,0.0,0.0
high,0.0,
