margin_bucket,mean_instability,error_rate
low,0.03831286948613006,0.007730786721236926
mid,0.0002559144676979072,0.0
high,0.0,0.0
